{
  "K": 4,
  "n_characteristics": 94,
  "n_total_obs": 2194093,
  "n_incumbent": 1942031,
  "n_new_listings": 252062,
  "date_range": "1990-2015",
  "filters": [
    "minimal - only non-missing returns"
  ],
  "lagged_chars": true,
  "is_total_r2": 0.14562683705051993,
  "is_pred_r2": 0.0052028200013019,
  "oos_total_r2": 0.08078850721897735,
  "oos_pred_r2": -0.005283571351095029
}