{
  "K": 4,
  "n_characteristics": 94,
  "n_incumbent_obs": 3315477,
  "n_new_listing_obs": 348127,
  "date_range": "1965-2016",
  "is_total_r2": 0.1599979761662037,
  "is_pred_r2": 0.007154393098041889,
  "oos_total_r2": 0.12912030165254718,
  "oos_pred_r2": -0.0011750651674931056
}