{
  "K": 4,
  "n_characteristics": 36,
  "n_incumbent_obs": 1259964,
  "n_new_listing_obs": 144084,
  "is_total_r2": 0.18275854807489122,
  "is_pred_r2": 0.007603384415316938,
  "oos_total_r2": 0.1771422191070745,
  "oos_pred_r2": 0.008562858242662896
}