{
  "K": 4,
  "n_characteristics": 94,
  "n_total_obs": 3638297,
  "n_incumbent": 3291367,
  "n_new_listings": 346930,
  "filters": [
    "minimal - only non-missing returns"
  ],
  "lagged_chars": true,
  "is_total_r2": 0.15719271545906588,
  "is_pred_r2": 0.005620375142871281,
  "oos_total_r2": 0.13126526039242759,
  "oos_pred_r2": -0.0011487510087975217
}