{
  "K": 4,
  "n_characteristics": 94,
  "n_incumbent": 2307110,
  "n_new_listings": 289532,
  "is_total_r2": 0.14092679011827702,
  "is_pred_r2": 0.004143541923261829,
  "oos_total_r2": 0.10053796747323585,
  "oos_pred_r2": 0.0020757044929287094,
  "lagged_characteristics": true
}